{
  "project_info": {
    "project_number": "721996130793",
    "project_id": "online-attendance-55a51",
    "storage_bucket": "online-attendance-55a51.appspot.com"
  },
  "client": [
    {
      "client_info": {
        "mobilesdk_app_id": "1:721996130793:android:cad4b5ef20e63591ee4378",
        "android_client_info": {
          "package_name": "com.dataflair.onlineattendancesystem"
        }
      },
      "oauth_client": [
        {
          "client_id": "721996130793-oflq1tfe8gn5teh5npc0vgdljfktrf2l.apps.googleusercontent.com",
          "client_type": 3
        }
      ],
      "api_key": [
        {
          "current_key": "AIzaSyBl7T733EEWQgad40lEvqZzrgxJOs7HYiY"
        }
      ],
      "services": {
        "appinvite_service": {
          "other_platform_oauth_client": [
            {
              "client_id": "721996130793-oflq1tfe8gn5teh5npc0vgdljfktrf2l.apps.googleusercontent.com",
              "client_type": 3
            }
          ]
        }
      }
    }
  ],
  "configuration_version": "1"
}